{
  "Author": "That one kid",
  "Compatibility": "Compatible",
  "DefuserDifficulty": "Easy",
  "Description": "Use a method an amount of times to input a keypad number. Tags: keypad, method, repeats, formula",
  "ExpertDifficulty": "Medium",
  "ModuleID": "procedures",
  "Name": "Procedure",
  "Origin": "Mods",
  "Published": "2022-04-26",
  "SortKey": "PROCEDURE",
  "SourceUrl": "https://github.com/Kbushra/ktaneProcedures",
  "SteamID": "2800103239",
  "Symbol": "Pcr",
  "Type": "Regular"
}